{
    "hiddenBias": [
        [2.9980580216688937],
        [-0.23935771270866335],
        [-5.085407588284774],
        [5.049683018784135]
    ],
    "outputBias": [[1.2223608856637092]],
    "inputNodesNum": 2,
    "hiddenNodesNum": 4,
    "outputNodesNum": 1,
    "outputWeights": [[
        -5.612086546115643,
        0.7967711263498419,
        10.655641575572234,
        -10.14745985025429
    ]],
    "hiddenWeights": [
        [
            -4.469458059754382,
            -1.3242769742309641
        ],
        [
            0.9053492920877111,
            -0.5299906062751344
        ],
        [
            7.306639130599021,
            1.9246187518594635
        ],
        [
            -7.712931182033008,
            -1.529644194111956
        ]
    ]
}